Ticker,Event_Date,Surprise_Pct,CAR_20d,Profitable_20d
TXRH,2020-08-03 16:00:00,19.74,0.11977932942729941,1
OLLI,2020-08-27 16:00:00,15.59,-0.17890517734968847,0
FIVE,2020-09-01 20:00:00,281.79,0.16320976412548716,1
RH,2020-09-10 06:00:00,24.1,0.14966070282707222,1
LII,2020-10-19 07:00:00,12.12,0.01383798619900145,1
TSLA,2020-10-21 18:00:00,25.78,0.06524949406011127,1
CROX,2020-10-27 07:00:00,33.58,0.09117663842851975,1
MSFT,2020-10-27 16:00:00,17.72,-0.052409536408570156,0
TXRH,2020-10-28 16:00:00,122.56,-0.03133335516462976,0
SFM,2020-10-28 16:00:00,37.84,-0.09309082841676142,0
CHDN,2020-10-28 16:00:00,59.26,0.05076501114384013,1
AAPL,2020-10-29 16:00:00,4.5,-0.015004171677657774,0
FND,2020-10-29 16:00:00,36.53,-0.029758712975485713,0
DECK,2020-10-29 16:00:00,32.8,-0.014515022682320189,0
CAKE,2020-10-29 16:00:00,11.94,0.09355922721733445,1
META,2020-10-29 16:00:00,41.95,-0.04370523822369499,0
WING,2020-11-02 07:00:00,0.49,-0.032323521217489826,0
QCOM,2020-11-04 16:00:00,22.83,0.15227693633588824,1
APPF,2020-11-09 16:00:00,1418.12,0.07311220302804633,1
FIVE,2020-12-02 16:00:00,82.18,0.046110921141015226,1
OLLI,2020-12-03 16:00:00,12.62,-0.08991926419322516,0
RH,2020-12-09 16:00:00,17.03,0.04218077924109831,1
MSFT,2021-01-26 16:00:00,23.99,0.05069527890711578,1
META,2021-01-27 16:00:00,21.43,-0.025870094524064968,0
AAPL,2021-01-27 16:00:00,18.67,-0.07117950701671494,0
TSLA,2021-01-27 16:00:00,-23.91,-0.20528408938884002,0
LII,2021-02-02 07:00:00,9.38,-0.02189588643975482,0
QCOM,2021-02-03 16:00:00,3.27,-0.18107044871621747,0
DECK,2021-02-04 16:00:00,27.17,0.07891525485425366,1
WING,2021-02-17 08:00:00,-21.53,-0.22882137463327767,0
CAKE,2021-02-17 16:00:00,-498.02,0.18792148181606538,1
TXRH,2021-02-18 16:00:00,-43.13,0.09584938121331987,1
CROX,2021-02-23 07:00:00,34.95,-0.08493403732676552,0
CHDN,2021-02-24 16:00:00,-30.17,0.06956531540453714,1
SFM,2021-02-25 16:00:00,48.72,0.24656517551234258,1
FND,2021-02-25 16:00:00,5.34,-0.004395958833342983,0
APPF,2021-03-01 16:00:00,-94.55,-0.15803177621476183,0
FIVE,2021-03-17 16:00:00,4.07,0.025256371696910862,1
OLLI,2021-03-18 16:00:00,14.3,-0.021022132912451807,0
RH,2021-03-24 16:00:00,8.17,0.3325245306417829,1
CHDN,2021-04-21 16:00:00,55.36,-0.13533841041723726,0
LII,2021-04-26 07:00:00,72.65,0.020675166062165684,1
TSLA,2021-04-26 16:00:00,19.42,-0.16371934397556964,0
CROX,2021-04-27 07:00:00,68.07,0.36259488324833844,1
MSFT,2021-04-27 16:00:00,9.67,-0.03929582929037023,0
QCOM,2021-04-28 02:00:00,14.09,-0.021312413110052608,0
WING,2021-04-28 07:00:00,42.08,0.008172237720753484,1
AAPL,2021-04-28 16:00:00,42.16,-0.06767009420467962,0
CAKE,2021-04-28 16:00:00,441.88,0.01906446821647012,1
META,2021-04-28 16:00:00,40.65,0.09588265464844414,1
TXRH,2021-04-29 16:00:00,54.84,-0.012653120762441517,0
FND,2021-05-06 16:00:00,26.26,-0.16879146654397026,0
SFM,2021-05-06 16:00:00,16.67,0.05705466060468556,1
APPF,2021-05-10 16:00:00,-13.24,-0.034491708286814915,0
DECK,2021-05-20 16:00:00,72.37,0.019008440737674492,1
OLLI,2021-05-27 16:00:00,28.11,0.06409597339610718,1
FIVE,2021-06-03 16:00:00,34.86,0.028936709443147968,1
RH,2021-06-09 16:00:00,18.75,0.10080311208098813,1
CROX,2021-07-22 07:00:00,39.82,0.19366484681509666,1
LII,2021-07-26 07:00:00,3.59,-0.009140454210756155,0
TSLA,2021-07-26 16:00:00,49.86,0.04508202255889737,1
CAKE,2021-07-27 16:00:00,2.08,-0.13682283798457706,0
AAPL,2021-07-27 16:00:00,28.56,-0.023194352988736844,0
MSFT,2021-07-27 16:00:00,12.71,0.040213675326372766,1
WING,2021-07-28 07:00:00,15.55,0.03337858716216613,1
QCOM,2021-07-28 16:00:00,14.11,-0.022353902719582708,0
META,2021-07-28 16:00:00,20.04,0.02766352316516152,1
CHDN,2021-07-28 16:00:00,19.33,0.03741219956836295,1
TXRH,2021-07-29 16:00:00,4.67,-0.03744968055074971,0
DECK,2021-07-29 16:00:00,1608.73,0.0340906921119738,1
FND,2021-08-05 16:00:00,15.33,0.0029932881655365673,1
SFM,2021-08-05 16:00:00,17.18,-0.04073793592172914,0
APPF,2021-08-08 21:00:00,-24.74,-0.1787860572621539,0
OLLI,2021-08-26 16:00:00,-5.68,-0.2570357240035869,0
FIVE,2021-09-01 16:00:00,2.37,-0.2614967270101375,0
RH,2021-09-08 16:00:00,30.6,-0.03738653136316494,0
TSLA,2021-10-20 15:00:00,15.22,0.25165807482153624,1
CROX,2021-10-21 07:00:00,32.64,0.20350392167599518,1
LII,2021-10-25 07:00:00,-5.65,-0.01703913712616989,0
META,2021-10-25 16:00:00,1.32,-0.0355332991577505,0
MSFT,2021-10-26 16:00:00,9.3,0.05438015365085558,1
CHDN,2021-10-27 16:00:00,7.94,-0.11060998902239849,0
TXRH,2021-10-28 16:00:00,-7.23,-0.07482387346034458,0
AAPL,2021-10-28 16:00:00,0.17,0.04881720680502988,1
DECK,2021-10-28 16:00:00,2.7,0.07007226783521836,1
WING,2021-11-03 07:00:00,-17.91,-0.07655958011734032,0
CAKE,2021-11-03 16:00:00,-7.02,-0.03647698438435987,0
QCOM,2021-11-03 16:00:00,12.82,0.3165494754376933,1
FND,2021-11-04 16:00:00,4.85,-0.05091850129545927,0
SFM,2021-11-04 16:00:00,43.59,0.20452003052227707,1
APPF,2021-11-08 16:00:00,-27.37,-0.08410260699915617,0
DUOL,2021-11-10 16:00:00,73.68,-0.5480400026500705,0
ONON,2021-11-16 05:00:00,169.24,0.016815512510677477,1
FIVE,2021-12-01 16:00:00,45.84,-0.03163828011365499,0
OLLI,2021-12-02 16:00:00,-27.72,-0.21789544948958717,0
RH,2021-12-08 16:00:00,6.72,-0.16013381982578379,0
MSFT,2022-01-25 16:00:00,6.97,0.042238192833308874,1
TSLA,2022-01-26 16:00:00,6.88,-0.1521103004374431,0
AAPL,2022-01-27 16:00:00,11.2,0.030261253273292987,1
LII,2022-02-01 07:00:00,18.07,-0.03739901105875443,0
META,2022-02-02 16:00:00,-4.1,-0.3353086986293523,0
QCOM,2022-02-02 16:00:00,7.59,-0.009411377187237835,0
DECK,2022-02-03 16:00:00,4.4,-0.19748642387597548,0
WING,2022-02-16 07:00:00,-23.87,-0.1996730143778429,0
CROX,2022-02-16 07:00:00,13.33,-0.20692565731671808,0
CAKE,2022-02-16 16:00:00,-15.05,-0.0038471409396387823,0
TXRH,2022-02-22 16:00:00,11.01,-0.11381817552487883,0
CHDN,2022-02-23 16:00:00,12.43,0.007572996087637507,1
FND,2022-02-24 16:00:00,-2.43,-0.18846397404898307,0
SFM,2022-02-24 16:00:00,6.67,0.11636649015628242,1
APPF,2022-02-28 16:00:00,125.67,-0.04950822124216714,0
DUOL,2022-03-03 16:00:00,96.06,0.09081001141584977,1
ONON,2022-03-18 06:00:00,-29164.71,0.13830268560742065,1
OLLI,2022-03-23 16:00:00,5.02,0.1872584854263487,1
RH,2022-03-29 16:00:00,1.3,0.017067082146571155,1
FIVE,2022-03-30 07:00:00,0.25,0.04550029076779272,1
TSLA,2022-04-20 16:00:00,42.31,-0.18496732560116702,0
LII,2022-04-25 07:00:00,13.24,-0.05387189381572588,0
MSFT,2022-04-26 16:00:00,1.06,0.036365697787568485,1
QCOM,2022-04-27 16:00:00,10.08,0.06349356383756921,1
META,2022-04-27 16:00:00,6.82,0.07367038291246997,1
CHDN,2022-04-27 16:00:00,3.81,0.016798994733767003,1
CAKE,2022-04-27 16:00:00,-8.14,-0.00464196165325903,0
AAPL,2022-04-28 16:00:00,6.48,-0.04446319205657323,0
WING,2022-05-04 07:00:00,-6.68,-0.1800695354726498,0
SFM,2022-05-04 16:00:00,9.72,-0.03914432840633286,0
CROX,2022-05-05 07:00:00,31.93,-0.04564060603252018,0
FND,2022-05-05 16:00:00,2.92,-0.043902780378164086,0
TXRH,2022-05-05 16:00:00,18.68,0.01130079757675062,1
APPF,2022-05-09 16:00:00,-2917.99,-0.03105014968175457,0
DUOL,2022-05-12 16:00:00,121.89,0.14697773225410782,1
ONON,2022-05-17 06:00:00,227.23,-0.0302522638780639,0
DECK,2022-05-19 16:00:00,94.19,0.14573244472591929,1
RH,2022-06-03 06:00:00,45.14,-0.06452183688780766,0
OLLI,2022-06-08 07:00:00,-35.33,0.5159787681343773,1
FIVE,2022-06-08 16:00:00,1.68,0.013040243737607149,1
TSLA,2022-07-20 17:00:00,26.89,0.1363286273585712,1
MSFT,2022-07-26 16:00:00,-2.69,0.013097704118151032,1
CHDN,2022-07-27 16:00:00,-2.34,-0.06424140908133791,0
QCOM,2022-07-27 16:00:00,3.13,-0.09300125196117048,0
CAKE,2022-07-27 16:00:00,-32.67,0.10723678779834667,1
META,2022-07-27 16:00:00,-3.38,-0.1301347149538079,0
LII,2022-07-28 07:00:00,5.24,0.06068578014104531,1
WING,2022-07-28 08:00:00,24.14,0.10087798863195607,1
AAPL,2022-07-28 16:00:00,3.93,0.03869737280224517,1
DECK,2022-07-28 16:00:00,37.35,0.08604225359665185,1
TXRH,2022-07-28 16:00:00,5.41,0.0593020282524499,1
APPF,2022-07-28 16:00:00,139.47,0.02429876125439956,1
SFM,2022-08-03 16:00:00,10.95,0.08281221580636766,1
CROX,2022-08-04 07:00:00,21.5,0.12030378877705339,1
FND,2022-08-04 16:00:00,3.77,0.06479527940427943,1
DUOL,2022-08-04 16:00:00,241.8,0.024635042370520055,1
ONON,2022-08-16 06:00:00,280.23,-0.12938671644206468,0
FIVE,2022-08-31 16:00:00,-5.32,0.19352314605737275,1
OLLI,2022-09-01 07:00:00,-33.59,-0.07652106130929737,0
RH,2022-09-08 16:00:00,18.98,0.09289038593654497,1
TSLA,2022-10-19 17:00:00,5.23,-0.25397743886013846,0
MSFT,2022-10-25 16:00:00,1.92,-0.0331903166027645,0
WING,2022-10-26 07:00:00,24.13,0.16482502998467552,1
META,2022-10-26 16:00:00,-12.06,-0.21673247342431035,0
CHDN,2022-10-26 16:00:00,2.82,0.031161831232689674,1
LII,2022-10-27 07:00:00,-0.08,0.12369355564582385,1
APPF,2022-10-27 16:00:00,185.94,0.05882639950538826,1
AAPL,2022-10-27 16:00:00,1.44,-0.06459644437822365,0
DECK,2022-10-27 16:00:00,2.97,0.02802352420373433,1
TXRH,2022-10-27 16:00:00,4.56,-0.029559030239474815,0
CAKE,2022-11-01 16:00:00,-110.51,0.011796338946244989,1
QCOM,2022-11-02 16:00:00,-0.13,0.018689609531754692,1
CROX,2022-11-03 07:00:00,13.65,0.2773712227893771,1
FND,2022-11-03 16:00:00,8.17,0.007212036322729265,1
SFM,2022-11-08 16:00:00,21.19,0.16394023197715868,1
DUOL,2022-11-10 16:00:00,206.79,-0.2019654313733531,0
ONON,2022-11-16 05:00:00,-37.61,-0.006869511473616585,0
FIVE,2022-11-30 16:00:00,96.26,0.15586202038811747,1
OLLI,2022-12-07 07:00:00,-7.83,-0.11580828468313664,0
RH,2022-12-08 16:00:00,20.56,0.14844448313693748,1
MSFT,2023-01-24 16:00:00,0.21,0.05781567478538008,1
TSLA,2023-01-25 16:00:00,7.2,0.4401965474779498,1
APPF,2023-01-26 16:00:00,60.32,0.13455333708392858,1
LII,2023-01-31 07:00:00,3.09,0.03469874371770565,1
META,2023-02-01 16:00:00,-21.53,0.2897998381115868,1
AAPL,2023-02-02 16:00:00,-3.78,0.07097535599538196,1
DECK,2023-02-02 16:00:00,10.09,0.031025583169925874,1
QCOM,2023-02-02 16:00:00,0.72,-0.08081679646604123,0
CROX,2023-02-16 07:00:00,17.51,0.07371042852762921,1
TXRH,2023-02-16 16:00:00,-13.6,0.08131596195817326,1
WING,2023-02-22 08:00:00,47.57,0.12766449952892278,1
CAKE,2023-02-22 16:00:00,-4.31,-0.06262817654456765,0
CHDN,2023-02-22 16:00:00,-18.65,0.037544396584911044,1
FND,2023-02-23 16:00:00,12.05,-0.031125152714066906,0
DUOL,2023-02-28 16:00:00,650.02,0.43177579447897296,1
SFM,2023-03-02 09:00:00,13.1,0.09464148313166665,1
FIVE,2023-03-15 16:00:00,0.09,-0.00997451296327967,0
ONON,2023-03-21 06:00:00,-65.92,0.4135672978249144,1
OLLI,2023-03-22 07:00:00,6.26,0.14091230888283335,1
RH,2023-03-29 16:00:00,-14.22,-0.023054373762640745,0
TSLA,2023-04-19 16:00:00,-0.43,-0.03663613486240713,0
MSFT,2023-04-25 16:00:00,9.77,0.09769816893072103,1
META,2023-04-26 16:00:00,11.2,0.16662185375369287,1
CHDN,2023-04-26 16:00:00,8.31,0.09339186000277633,1
CROX,2023-04-27 07:00:00,21.06,-0.307326565694812,0
LII,2023-04-27 07:00:00,14.59,0.04782222829181115,1
APPF,2023-04-27 16:00:00,80.0,0.08309713282093889,1
SFM,2023-05-01 16:00:00,-13.99,0.005028999077770657,1
WING,2023-05-03 07:00:00,30.96,-0.05778137775227443,0
QCOM,2023-05-03 16:00:00,-0.24,-0.030404643536531384,0
AAPL,2023-05-04 16:00:00,6.37,0.031620832454892,1
FND,2023-05-04 16:00:00,-1.72,-0.08657761715564338,0
TXRH,2023-05-04 16:00:00,-5.89,-0.024795888840922653,0
DUOL,2023-05-09 16:00:00,82.44,0.2047427219146598,1
CAKE,2023-05-10 16:00:00,3.78,-0.02957350843302753,0
ONON,2023-05-16 05:00:00,59.0,-0.16541404485614786,0
RH,2023-05-25 16:00:00,6.69,0.1014826417760123,1
DECK,2023-05-25 16:00:00,28.65,0.042158772051531845,1
FIVE,2023-06-01 16:00:00,7.0,-0.024006836409570464,0
OLLI,2023-06-07 07:00:00,3.2,0.14965392592613158,1
TSLA,2023-07-19 16:00:00,11.12,-0.18285062154163378,0
MSFT,2023-07-25 16:00:00,5.59,-0.06555243001881406,0
CHDN,2023-07-26 16:00:00,-10.75,-0.0233393651400009,0
META,2023-07-26 16:00:00,2.51,-0.05005981097191392,0
LII,2023-07-27 06:00:00,18.88,0.1142417312838272,1
CROX,2023-07-27 07:00:00,20.58,-0.19860159571256597,0
TXRH,2023-07-27 16:00:00,1.26,-0.07735594242002852,0
DECK,2023-07-27 16:00:00,9.02,0.004403887627862035,1
APPF,2023-07-27 16:00:00,84.62,0.016083540498851523,1
SFM,2023-08-01 16:00:00,3.59,0.04370718433052567,1
WING,2023-08-02 08:00:00,11.13,-0.11469120329046845,0
QCOM,2023-08-02 16:00:00,3.35,-0.05549344245801702,0
CAKE,2023-08-02 16:00:00,7.34,-0.14012355963775536,0
FND,2023-08-03 16:00:00,0.22,-0.09039667075625857,0
AAPL,2023-08-03 16:00:00,5.66,-0.01304580780922393,0
DUOL,2023-08-08 16:00:00,96.76,0.06401889919887116,1
ONON,2023-08-15 05:00:00,-65.96,-0.13772147165828996,0
FIVE,2023-08-30 16:00:00,1.35,-0.11130378763619841,0
OLLI,2023-08-31 07:00:00,9.71,0.11698907980182005,1
RH,2023-09-07 16:00:00,50.97,-0.29383429933320415,0
TSLA,2023-10-18 16:00:00,-9.81,-0.13401362929002225,0
MSFT,2023-10-24 16:00:00,12.85,0.09058112569183174,1
CHDN,2023-10-25 16:00:00,1.11,0.021584246723432954,1
META,2023-10-25 16:00:00,20.9,0.011357686305530579,1
LII,2023-10-26 06:00:00,13.99,0.08228324705945778,1
DECK,2023-10-26 16:00:00,53.7,0.20871454395149525,1
TXRH,2023-10-26 16:00:00,-10.51,0.09437396322873792,1
APPF,2023-10-26 16:00:00,39.15,0.001578363295430818,1
SFM,2023-10-31 09:00:00,2.71,-0.087295385000566,0
WING,2023-11-01 08:00:00,33.19,0.23268269299155186,1
QCOM,2023-11-01 16:00:00,5.93,0.12747832991807695,1
CAKE,2023-11-01 16:00:00,-6.97,-0.004276178830193045,0
CROX,2023-11-02 07:00:00,3.81,0.10814239695308292,1
FND,2023-11-02 16:00:00,8.86,0.1565893203799109,1
AAPL,2023-11-02 16:00:00,4.93,0.026907746626962936,1
DUOL,2023-11-08 16:00:00,43.57,0.3110482687978038,1
ONON,2023-11-14 05:00:00,46.8,-0.002033876051614203,0
FIVE,2023-11-29 16:00:00,13.46,0.08690513948610212,1
OLLI,2023-12-06 07:00:00,13.68,-0.10443311672921785,0
RH,2023-12-07 16:00:00,-138.64,-0.003832392448727462,0
TSLA,2024-01-24 16:00:00,-4.1,-0.17478397993682282,0
APPF,2024-01-25 16:00:00,29.65,0.28292328605064176,1
MSFT,2024-01-30 16:00:00,5.83,-0.0073716277656419305,0
LII,2024-01-31 06:00:00,5.71,0.03753527765935338,1
QCOM,2024-01-31 16:00:00,16.1,0.00865045388272434,1
AAPL,2024-02-01 16:00:00,3.55,-0.1501071473692389,0
DECK,2024-02-01 16:00:00,29.56,0.16012413709642992,1
META,2024-02-01 16:00:00,7.88,0.21065360881873152,1
CROX,2024-02-15 07:00:00,8.66,0.19871589586352723,1
TXRH,2024-02-15 16:00:00,1.14,0.0929631473311816,1
WING,2024-02-21 08:00:00,12.11,0.1015180749947362,1
CHDN,2024-02-21 16:00:00,12.23,-0.059933912765617325,0
CAKE,2024-02-21 16:00:00,9.49,-0.01799097054907217,0
FND,2024-02-22 16:00:00,26.51,0.1371887960960565,1
SFM,2024-02-22 16:00:00,7.71,0.16156154661540856,1
DUOL,2024-02-28 16:00:00,13.04,0.21389738274077608,1
ONON,2024-03-12 06:00:00,-138.93,-0.018523083566234444,0
OLLI,2024-03-20 07:00:00,6.02,0.02682077982976183,1
FIVE,2024-03-20 16:00:00,-3.55,-0.2612362854179836,0
RH,2024-03-27 16:00:00,-57.92,-0.09622751089421033,0
TSLA,2024-04-23 16:00:00,-8.14,0.11243785074575874,1
LII,2024-04-24 06:00:00,9.94,0.024729588232768385,1
META,2024-04-24 16:00:00,8.92,-0.09990326652949888,0
CHDN,2024-04-24 16:00:00,36.75,0.05853157131189679,1
MSFT,2024-04-25 16:00:00,3.4,0.007273616605256494,1
APPF,2024-04-25 16:00:00,18.64,0.03339300919501009,1
WING,2024-05-01 08:00:00,28.1,-0.022776793550639662,0
QCOM,2024-05-01 16:00:00,5.31,0.18946860643342556,1
SFM,2024-05-01 16:00:00,10.99,0.1525453409252362,1
FND,2024-05-02 16:00:00,4.66,0.028651666520367325,1
AAPL,2024-05-02 16:00:00,2.05,0.08978467711641469,1
TXRH,2024-05-02 16:00:00,4.27,0.03184998430233876,1
CROX,2024-05-07 07:00:00,34.04,0.12143003541973973,1
CAKE,2024-05-08 16:00:00,14.62,0.08658730841836682,1
DUOL,2024-05-08 16:00:00,46.19,-0.20061334585853308,0
ONON,2024-05-14 05:00:00,127.32,0.2062359000332311,1
DECK,2024-05-23 16:00:00,65.03,0.07506321895591239,1
OLLI,2024-06-05 07:00:00,12.16,0.18433045403301096,1
FIVE,2024-06-05 16:00:00,-4.48,-0.2802611951682529,0
RH,2024-06-13 16:00:00,-341.01,0.028106316946515664,1
TSLA,2024-07-23 20:00:00,-16.15,-0.10873220618116097,0
LII,2024-07-24 06:00:00,3.97,0.04547880523512249,1
CHDN,2024-07-24 16:00:00,6.84,-0.0408979779551607,0
DECK,2024-07-25 16:00:00,28.85,0.08427982011574198,1
TXRH,2024-07-25 16:00:00,9.16,-0.015125440138110902,0
APPF,2024-07-25 16:00:00,19.08,-0.14602513399177164,0
SFM,2024-07-29 16:00:00,21.03,0.20765821467230627,1
MSFT,2024-07-30 16:00:00,0.23,-0.08569312848648625,0
WING,2024-07-31 08:00:00,12.01,0.01616959012025221,1
CAKE,2024-07-31 16:00:00,9.21,0.04447609174351619,1
QCOM,2024-07-31 16:00:00,3.32,-0.08222266965408653,0
META,2024-07-31 16:00:00,8.45,0.0887922754700885,1
CROX,2024-08-01 07:00:00,12.45,0.11773493127701151,1
AAPL,2024-08-01 16:00:00,4.36,0.007466651277405534,1
FND,2024-08-01 16:00:00,1.43,0.14354245144508193,1
DUOL,2024-08-07 16:00:00,18.81,0.2229387190527483,1
ONON,2024-08-13 06:00:00,-15.19,0.20096653915397866,1
FIVE,2024-08-28 16:00:00,-0.24,0.12718719629571984,1
OLLI,2024-08-29 07:00:00,-1.01,-0.028744654745819664,0
RH,2024-09-12 16:00:00,5.19,0.2537419775921783,1
LII,2024-10-23 06:00:00,11.08,0.06382205858825929,1
TSLA,2024-10-23 16:00:00,20.49,0.45497005367612875,1
CHDN,2024-10-23 16:00:00,-7.91,0.0013222340855056913,1
TXRH,2024-10-24 16:00:00,-4.36,0.04723693023866138,1
APPF,2024-10-24 16:00:00,24.86,0.1709763929587691,1
DECK,2024-10-24 16:00:00,28.24,0.16938669924299177,1
CROX,2024-10-29 07:00:00,15.93,-0.2262178917085571,0
CAKE,2024-10-29 16:00:00,17.68,0.15604174717067842,1
WING,2024-10-30 08:00:00,-6.58,-0.11747559169395172,0
FND,2024-10-30 16:00:00,9.16,0.04684582449415764,1
MSFT,2024-10-30 16:00:00,6.13,-0.03973826687741022,0
META,2024-10-30 16:00:00,13.94,-0.020276031495848335,0
SFM,2024-10-30 16:00:00,17.22,0.22631154729065006,1
AAPL,2024-10-31 16:00:00,2.48,-0.0012964881691344132,0
QCOM,2024-11-06 16:00:00,4.74,-0.08610093633038818,0
DUOL,2024-11-06 16:00:00,15.29,0.16737676203869845,1
ONON,2024-11-12 05:00:00,-21.1,0.14568270918832105,1
FIVE,2024-12-04 16:00:00,145.82,0.15637205758344985,1
OLLI,2024-12-10 07:00:00,1.36,0.08758261819598323,1
RH,2024-12-12 16:00:00,-6.21,0.1865199034656574,1
LII,2025-01-29 06:00:00,32.03,-0.0708913650525852,0
TSLA,2025-01-29 16:00:00,-5.11,-0.3128832518322603,0
MSFT,2025-01-29 16:00:00,3.47,-0.09159930853988207,0
META,2025-01-29 16:00:00,18.67,0.09186755020309578,1
DECK,2025-01-30 16:00:00,14.85,-0.3913928453010719,0
AAPL,2025-01-30 16:00:00,2.52,0.10973173012115811,1
APPF,2025-01-30 16:00:00,-2.25,-0.14817629933764476,0
QCOM,2025-02-05 16:00:00,14.2,-0.009177167804708786,0
CROX,2025-02-13 07:00:00,11.31,0.18049437186310946,1
WING,2025-02-19 08:00:00,9.64,-0.21728552421861724,0
CHDN,2025-02-19 16:00:00,-2.87,-0.014023731576291887,0
CAKE,2025-02-19 16:00:00,13.63,0.012180442282216264,1
SFM,2025-02-20 16:00:00,6.73,-0.09456084693573408,0
FND,2025-02-20 16:00:00,73.21,-0.058433677332877076,0
TXRH,2025-02-20 16:00:00,5.56,0.07965858135815573,1
DUOL,2025-02-28 06:00:00,-24.49,-0.1136928117589433,0
ONON,2025-03-04 05:00:00,83.84,-0.010600127479386101,0
OLLI,2025-03-19 07:00:00,-0.41,0.14955558659230817,1
FIVE,2025-03-19 16:00:00,3.29,0.03297939427290053,1
RH,2025-04-02 16:00:00,-17.17,-0.04390094784632137,0
TSLA,2025-04-22 16:00:00,-34.89,0.2207227216384665,1
LII,2025-04-23 06:00:00,3.61,-0.04158585554692107,0
CHDN,2025-04-23 16:00:00,2.48,-0.16185240193153838,0
APPF,2025-04-24 16:00:00,-1.17,-0.11073554204312952,0
WING,2025-04-30 08:00:00,18.5,0.380814663049586,1
MSFT,2025-04-30 16:00:00,7.4,0.11564951520955269,1
CAKE,2025-04-30 16:00:00,13.91,-0.012732190046834235,0
META,2025-04-30 16:00:00,23.11,0.12819651387536735,1
QCOM,2025-04-30 16:00:00,1.19,-0.05547430801728026,0
SFM,2025-04-30 16:00:00,17.12,-0.043276583808689595,0
DUOL,2025-05-01 16:00:00,5.59,0.281003306224357,1
AAPL,2025-05-01 16:00:00,1.69,-0.10877918892218441,0
FND,2025-05-01 16:00:00,0.51,-0.1125364155850953,0
CROX,2025-05-08 07:00:00,20.56,0.01602047555469721,1
TXRH,2025-05-08 16:00:00,-3.27,0.09169883298628234,1
ONON,2025-05-13 05:00:00,-5.17,0.07683173653657405,1
DECK,2025-05-22 16:00:00,65.07,-0.21610817628567425,0
OLLI,2025-06-03 07:00:00,5.82,0.08299510663575738,1
FIVE,2025-06-04 16:00:00,3.36,0.07578033361842229,1
RH,2025-06-12 16:00:00,290.76,0.030318168056101213,1
LII,2025-07-23 06:00:00,13.91,-0.056798875200940846,0
CHDN,2025-07-23 16:00:00,2.85,-0.04423448602996938,0
TSLA,2025-07-23 16:00:00,-1.11,-0.015055568468089309,0
DECK,2025-07-24 16:00:00,36.6,0.0598995187471657,1
CAKE,2025-07-29 16:00:00,9.16,-0.08160741228505086,0
WING,2025-07-30 07:00:00,15.0,0.08046894930314585,1
META,2025-07-30 16:00:00,20.96,0.03683330720266198,1
QCOM,2025-07-30 16:00:00,2.05,-0.012389078220377492,0
MSFT,2025-07-30 16:00:00,8.09,-0.012553702214478046,0
SFM,2025-07-30 16:00:00,9.43,-0.1640765445806449,0
APPF,2025-07-31 16:00:00,8.35,0.06317936164023918,1
AAPL,2025-07-31 16:00:00,10.12,0.07015950532263515,1
FND,2025-07-31 16:00:00,4.28,0.03654271691771305,1
DUOL,2025-08-06 16:00:00,31.85,-0.21677548446199946,0
CROX,2025-08-07 07:00:00,5.26,-0.1001911781911613,0
TXRH,2025-08-07 16:00:00,-2.53,-0.11956298227331286,0
ONON,2025-08-12 05:00:00,-142.7,-0.11997416083790657,0
FIVE,2025-08-27 16:00:00,29.38,0.07384154186983427,1
OLLI,2025-08-28 07:00:00,6.77,-0.061364901085857126,0
RH,2025-09-11 16:00:00,-8.91,-0.2995528039407015,0
LII,2025-10-22 06:00:00,2.02,-0.14439535136385673,0
CHDN,2025-10-22 16:00:00,10.85,0.21100439232741208,1
TSLA,2025-10-22 16:00:00,-10.53,-0.06598319425399612,0
DECK,2025-10-23 16:00:00,15.06,-0.1288000300320875,0
CAKE,2025-10-28 16:00:00,13.04,-0.1473722514850878,0
MSFT,2025-10-29 16:00:00,12.73,-0.0760458897226064,0
SFM,2025-10-29 16:00:00,4.57,-0.2300329246517493,0
META,2025-10-29 16:00:00,-84.34,-0.13752593433554938,0
CROX,2025-10-30 07:00:00,23.71,0.012580085295356924,1
FND,2025-10-30 16:00:00,16.71,-0.09670379984250244,0
AAPL,2025-10-30 16:00:00,4.52,0.07542187378159171,1
APPF,2025-10-30 16:00:00,-9.8,-0.05923025151989714,0
WING,2025-11-04 07:00:00,19.04,0.08903878951772581,1
QCOM,2025-11-05 16:00:00,4.32,-0.009334589309409447,0
DUOL,2025-11-05 16:00:00,326.9,-0.259233782610761,0
TXRH,2025-11-06 16:00:00,-2.24,-0.0005907696415941022,0
ONON,2025-11-12 05:00:00,60.02,0.3147151139621801,1
FIVE,2025-12-03 16:00:00,165.43,0.16844282121725385,1
OLLI,2025-12-09 07:00:00,2.43,-0.025270648798885298,0
RH,2025-12-11 16:00:00,-20.9,0.32579444995798124,1
LII,2026-01-28 06:00:00,-5.74,0.10344752076278929,1
TSLA,2026-01-28 16:00:00,10.96,-0.06461112776459821,0
META,2026-01-28 16:00:00,8.0,0.0644935647658893,1
MSFT,2026-01-28 16:00:00,5.69,-0.11173959319203886,0
DECK,2026-01-29 16:00:00,20.47,0.14279173695815017,1
AAPL,2026-01-29 16:00:00,6.34,0.0728073774813438,1
APPF,2026-01-29 16:00:00,10.81,-0.18905367756983138,0
QCOM,2026-02-04 16:00:00,2.87,-0.0722424171798639,0
CROX,2026-02-12 07:00:00,19.67,-0.03224124903473724,0
WING,2026-02-18 07:00:00,19.98,-0.24007379805943507,0
CAKE,2026-02-18 16:00:00,1.47,0.004542771365455112,1
TXRH,2026-02-19 16:00:00,-14.52,-0.002543579351990899,0
SFM,2026-02-19 16:00:00,3.84,0.2910804746301068,1
FND,2026-02-19 16:00:00,4.5,-0.2478685598406395,0
CHDN,2026-02-25 16:00:00,-5.45,0.03184748380029867,1
DUOL,2026-02-27 06:00:00,-5.22,-0.07477162825188155,0
ONON,2026-03-03 05:00:00,17.81,-0.23190545846653143,0
OLLI,2026-03-12 07:00:00,-1.11,-0.1781924985970479,0
FIVE,2026-03-18 16:00:00,7.63,0.03594813386327267,1
RH,2026-03-31 16:00:00,-30.58,-0.0379834674829429,0
CHDN,2026-04-22 16:00:00,20.43,-0.12208059956084416,0
TSLA,2026-04-22 16:00:00,17.15,0.011471600222676792,1
APPF,2026-04-23 16:00:00,9.18,0.010907300090254979,1
LII,2026-04-29 06:00:00,5.28,-0.03082377074077003,0
WING,2026-04-29 07:00:00,15.09,-0.23001127274755107,0
QCOM,2026-04-29 16:00:00,3.34,0.6049726083988064,1
MSFT,2026-04-29 16:00:00,4.9,-0.01566334548378079,0
META,2026-04-29 16:00:00,56.79,-0.12079384728762954,0
CAKE,2026-04-29 16:00:00,3.49,-0.006738198071404078,0
SFM,2026-04-29 16:00:00,2.09,0.0532672897546308,1
CROX,2026-04-30 07:00:00,7.2,0.0733730346877941,1
FND,2026-04-30 16:00:00,-10.65,-0.062129670263013304,0
AAPL,2026-04-30 16:00:00,3.46,0.04762457391435837,1
DUOL,2026-05-05 06:00:00,-10.79,-0.019830098969481624,0
TXRH,2026-05-07 16:00:00,3.97,0.02908285218883999,1
ONON,2026-05-12 05:00:00,38.01,0.11284984107286955,1
DECK,2026-05-21 16:00:00,15.61,0.11142020392680874,1
OLLI,2026-06-03 07:00:00,4.63,-0.11695276564256596,0
FIVE,2026-06-03 16:00:00,24.26,-0.19039032168655345,0
RH,2026-06-11 16:00:00,4.88,0.156545133156184,1
